{
  "random-20": {
    "n": 20,
    "solvers": {
      "pimst_fast": {
        "length": 465.0384155596449,
        "time": 1.5021371841430664,
        "algorithm": "fast_nn"
      },
      "pimst_balanced": {
        "length": 465.0384155596449,
        "time": 5.221366882324219e-05,
        "algorithm": "fast_nn"
      },
      "pimst_optimal": {
        "length": 465.0384155596449,
        "time": 2.4080276489257812e-05,
        "algorithm": "fast_nn"
      },
      "ortools": {
        "length": 386.42968947651343,
        "time": 9.999486684799194,
        "algorithm": "OR-Tools GLS"
      }
    }
  },
  "random-30": {
    "n": 30,
    "solvers": {
      "pimst_fast": {
        "length": 595.2685632021771,
        "time": 6.29425048828125e-05,
        "algorithm": "nearest_neighbor"
      },
      "pimst_balanced": {
        "length": 481.7172822035148,
        "time": 8.70141315460205,
        "algorithm": "lin_kernighan_lite"
      },
      "pimst_optimal": {
        "length": 481.7172822035148,
        "time": 0.0003955364227294922,
        "algorithm": "lin_kernighan_lite"
      },
      "ortools": {
        "length": 479.07435378303217,
        "time": 10.000756025314331,
        "algorithm": "OR-Tools GLS"
      }
    }
  },
  "random-50": {
    "n": 50,
    "solvers": {
      "pimst_fast": {
        "length": 681.7815021839986,
        "time": 7.319450378417969e-05,
        "algorithm": "nearest_neighbor"
      },
      "pimst_balanced": {
        "length": 596.659721509736,
        "time": 0.0017616748809814453,
        "algorithm": "lin_kernighan_lite"
      },
      "pimst_optimal": {
        "length": 596.659721509736,
        "time": 0.0014293193817138672,
        "algorithm": "lin_kernighan_lite"
      },
      "ortools": {
        "length": 568.6712436186867,
        "time": 10.00097131729126,
        "algorithm": "OR-Tools GLS"
      }
    }
  },
  "random-70": {
    "n": 70,
    "solvers": {
      "pimst_fast": {
        "length": 746.257269725399,
        "time": 0.0003597736358642578,
        "algorithm": "gravity_guided"
      },
      "pimst_balanced": {
        "length": 710.9418164233763,
        "time": 0.004927635192871094,
        "algorithm": "lin_kernighan_lite"
      },
      "pimst_optimal": {
        "length": 710.9418164233763,
        "time": 0.005659341812133789,
        "algorithm": "lin_kernighan_lite"
      },
      "ortools": {
        "length": 686.0030486269035,
        "time": 30.000405311584473,
        "algorithm": "OR-Tools GLS"
      }
    }
  },
  "random-100": {
    "n": 100,
    "solvers": {
      "pimst_fast": {
        "length": 823.8164281598083,
        "time": 0.2627270221710205,
        "algorithm": "multi_start_3"
      },
      "pimst_balanced": {
        "length": 823.8164281598083,
        "time": 0.08704590797424316,
        "algorithm": "multi_start_5"
      },
      "pimst_optimal": {
        "length": 823.8164281598083,
        "time": 0.1709151268005371,
        "algorithm": "multi_start_10"
      },
      "ortools": {
        "length": 760.7021321752907,
        "time": 30.0003821849823,
        "algorithm": "OR-Tools GLS"
      }
    }
  },
  "clustered-50": {
    "n": 50,
    "solvers": {
      "pimst_fast": {
        "length": 436.92228213858357,
        "time": 5.507469177246094e-05,
        "algorithm": "nearest_neighbor"
      },
      "pimst_balanced": {
        "length": 384.7772990513584,
        "time": 0.003125429153442383,
        "algorithm": "lin_kernighan_lite"
      },
      "pimst_optimal": {
        "length": 384.7772990513584,
        "time": 0.0031251907348632812,
        "algorithm": "lin_kernighan_lite"
      },
      "ortools": {
        "length": 338.3112769533749,
        "time": 10.000898838043213,
        "algorithm": "OR-Tools GLS"
      }
    }
  },
  "clustered-100": {
    "n": 100,
    "solvers": {
      "pimst_fast": {
        "length": 551.326083034359,
        "time": 0.06646108627319336,
        "algorithm": "multi_start_3"
      },
      "pimst_balanced": {
        "length": 551.326083034359,
        "time": 0.11392879486083984,
        "algorithm": "multi_start_5"
      },
      "pimst_optimal": {
        "length": 551.326083034359,
        "time": 0.2248377799987793,
        "algorithm": "multi_start_10"
      },
      "ortools": {
        "length": 545.0325096552291,
        "time": 30.000476837158203,
        "algorithm": "OR-Tools GLS"
      }
    }
  },
  "grid-25": {
    "n": 25,
    "solvers": {
      "pimst_fast": {
        "length": 296.5685424949238,
        "time": 6.532669067382812e-05,
        "algorithm": "fast_nn"
      },
      "pimst_balanced": {
        "length": 296.5685424949238,
        "time": 2.7179718017578125e-05,
        "algorithm": "fast_nn"
      },
      "pimst_optimal": {
        "length": 296.5685424949238,
        "time": 6.031990051269531e-05,
        "algorithm": "fast_nn"
      },
      "ortools": {
        "length": 254.14213562373095,
        "time": 10.000754356384277,
        "algorithm": "OR-Tools GLS"
      }
    }
  },
  "grid-100": {
    "n": 100,
    "solvers": {
      "pimst_fast": {
        "length": 1000.0,
        "time": 0.03997993469238281,
        "algorithm": "multi_start_3"
      },
      "pimst_balanced": {
        "length": 1000.0,
        "time": 0.0527956485748291,
        "algorithm": "multi_start_5"
      },
      "pimst_optimal": {
        "length": 1000.0,
        "time": 0.11275076866149902,
        "algorithm": "multi_start_10"
      },
      "ortools": {
        "length": 1000.0,
        "time": 30.001018047332764,
        "algorithm": "OR-Tools GLS"
      }
    }
  },
  "circle-50": {
    "n": 50,
    "solvers": {
      "pimst_fast": {
        "length": 251.16207811725354,
        "time": 0.00011134147644042969,
        "algorithm": "nearest_neighbor"
      },
      "pimst_balanced": {
        "length": 251.1620781172535,
        "time": 0.0019996166229248047,
        "algorithm": "lin_kernighan_lite"
      },
      "pimst_optimal": {
        "length": 251.1620781172535,
        "time": 0.001973390579223633,
        "algorithm": "lin_kernighan_lite"
      },
      "ortools": {
        "length": 251.1620781172535,
        "time": 10.000163555145264,
        "algorithm": "OR-Tools GLS"
      }
    }
  },
  "circle-100": {
    "n": 100,
    "solvers": {
      "pimst_fast": {
        "length": 261.32759596940554,
        "time": 0.338029146194458,
        "algorithm": "multi_start_3"
      },
      "pimst_balanced": {
        "length": 261.32759596940554,
        "time": 0.39118027687072754,
        "algorithm": "multi_start_5"
      },
      "pimst_optimal": {
        "length": 261.32759596940554,
        "time": 0.7079181671142578,
        "algorithm": "multi_start_10"
      },
      "ortools": {
        "length": 251.28607262502643,
        "time": 30.002746105194092,
        "algorithm": "OR-Tools GLS"
      }
    }
  }
}